Fire Size Class,Jurisdiction,Number of Occurrences,Protection zone,Response Category,Year
2,Alberta,337,Intensive,Full,2008
2,Alberta,318,Intensive,Full,2009
2,Alberta,388,Intensive,Full,2010
2,Alberta,248,Intensive,Full,2011
2,Alberta,299,Intensive,Full,2012
2,Alberta,188,Intensive,Full,2013
2,Alberta,286,Intensive,Full,2014
2,Alberta,418,Intensive,Full,2015
2,Alberta,312,Intensive,Full,2016
2,Alberta,250,Intensive,Full,2017
6,Alberta,2,Intensive,Full,2008
6,Alberta,7,Intensive,Full,2009
6,Alberta,7,Intensive,Full,2010
6,Alberta,8,Intensive,Full,2011
6,Alberta,16,Intensive,Full,2012
6,Alberta,3,Intensive,Full,2013
6,Alberta,4,Intensive,Full,2014
6,Alberta,24,Intensive,Full,2015
6,Alberta,2,Intensive,Full,2016
6,Alberta,4,Intensive,Full,2017
3,Alberta,130,Intensive,Full,2008
3,Alberta,137,Intensive,Full,2009
3,Alberta,188,Intensive,Full,2010
3,Alberta,88,Intensive,Full,2011
3,Alberta,108,Intensive,Full,2012
3,Alberta,75,Intensive,Full,2013
3,Alberta,118,Intensive,Full,2014
3,Alberta,179,Intensive,Full,2015
3,Alberta,124,Intensive,Full,2016
3,Alberta,74,Intensive,Full,2017
7,Alberta,1,Intensive,Full,2008
7,Alberta,2,Intensive,Full,2009
7,Alberta,2,Intensive,Full,2010
7,Alberta,6,Intensive,Full,2011
7,Alberta,7,Intensive,Full,2012
7,Alberta,16,Intensive,Full,2015
7,Alberta,1,Intensive,Full,2016
7,Alberta,2,Intensive,Full,2017
4,Alberta,47,Intensive,Full,2008
4,Alberta,45,Intensive,Full,2009
4,Alberta,65,Intensive,Full,2010
4,Alberta,36,Intensive,Full,2011
4,Alberta,39,Intensive,Full,2012
4,Alberta,34,Intensive,Full,2013
4,Alberta,40,Intensive,Full,2014
4,Alberta,74,Intensive,Full,2015
4,Alberta,44,Intensive,Full,2016
4,Alberta,39,Intensive,Full,2017
5,Alberta,9,Intensive,Full,2008
5,Alberta,16,Intensive,Full,2009
5,Alberta,13,Intensive,Full,2010
5,Alberta,20,Intensive,Full,2011
5,Alberta,17,Intensive,Full,2012
5,Alberta,9,Intensive,Full,2013
5,Alberta,6,Intensive,Full,2014
5,Alberta,38,Intensive,Full,2015
5,Alberta,11,Intensive,Full,2016
5,Alberta,20,Intensive,Full,2017
8,Alberta,1,Intensive,Full,2011
8,Alberta,1,Intensive,Full,2012
8,Alberta,1,Intensive,Full,2016
0,Alberta,511,Unspecified,Full,2018
0,Alberta,777,Unspecified,Full,2018
1,Alberta,1186,Intensive,Full,2008
1,Alberta,1185,Intensive,Full,2009
1,Alberta,1177,Intensive,Full,2010
1,Alberta,811,Intensive,Full,2011
1,Alberta,1081,Intensive,Full,2012
1,Alberta,917,Intensive,Full,2013
1,Alberta,1016,Intensive,Full,2014
1,Alberta,1149,Intensive,Full,2015
1,Alberta,881,Intensive,Full,2016
1,Alberta,855,Intensive,Full,2017
2,British Columbia,387,Intensive,Full,2008
2,British Columbia,550,Intensive,Full,2009
2,British Columbia,325,Intensive,Full,2010
2,British Columbia,132,Intensive,Full,2011
2,British Columbia,334,Intensive,Full,2012
2,British Columbia,352,Intensive,Full,2013
2,British Columbia,301,Intensive,Full,2014
2,British Columbia,381,Intensive,Full,2015
2,British Columbia,206,Intensive,Full,2016
2,British Columbia,275,Intensive,Full,2017
6,British Columbia,2,Intensive,Full,2008
6,British Columbia,30,Intensive,Full,2009
6,British Columbia,32,Intensive,Full,2010
6,British Columbia,15,Intensive,Full,2012
6,British Columbia,3,Intensive,Full,2013
6,British Columbia,16,Intensive,Modified,2014
6,British Columbia,28,Intensive,Full,2015
6,British Columbia,2,Intensive,Full,2016
6,British Columbia,34,Intensive,Full,2017
3,British Columbia,172,Intensive,Full,2008
3,British Columbia,260,Intensive,Full,2009
3,British Columbia,212,Intensive,Full,2010
3,British Columbia,82,Intensive,Full,2011
3,British Columbia,201,Intensive,Full,2012
3,British Columbia,195,Intensive,Full,2013
3,British Columbia,187,Intensive,Full,2014
3,British Columbia,222,Intensive,Full,2015
3,British Columbia,101,Intensive,Full,2016
3,British Columbia,155,Intensive,Full,2017
7,British Columbia,3,Intensive,Full,2009
7,British Columbia,9,Intensive,Full,2010
7,British Columbia,1,Intensive,Full,2011
7,British Columbia,2,Intensive,Full,2012
7,British Columbia,5,Intensive,Full,2014
7,British Columbia,9,Intensive,Full,2015
7,British Columbia,2,Intensive,Full,2016
7,British Columbia,8,Intensive,Full,2017
4,British Columbia,68,Intensive,Full,2008
4,British Columbia,162,Intensive,Full,2009
4,British Columbia,98,Intensive,Full,2010
4,British Columbia,24,Intensive,Full,2011
4,British Columbia,91,Intensive,Full,2012
4,British Columbia,85,Intensive,Modified,2013
4,British Columbia,87,Intensive,Modified,2014
4,British Columbia,85,Intensive,Full,2015
4,British Columbia,69,Intensive,Full,2016
4,British Columbia,87,Intensive,Full,2017
5,British Columbia,15,Intensive,Full,2008
5,British Columbia,81,Intensive,Full,2009
5,British Columbia,43,Intensive,Full,2010
5,British Columbia,3,Intensive,Full,2011
5,British Columbia,24,Intensive,Full,2012
5,British Columbia,15,Intensive,Modified,2013
5,British Columbia,31,Intensive,Full,2014
5,British Columbia,52,Intensive,Full,2015
5,British Columbia,25,Intensive,Full,2016
5,British Columbia,43,Intensive,Full,2017
8,British Columbia,1,Intensive,Full,2014
8,British Columbia,3,Intensive,Full,2017
0,British Columbia,2086,Unspecified,Full,2018
1,British Columbia,1379,Intensive,Full,2008
1,British Columbia,1978,Intensive,Full,2009
1,British Columbia,954,Intensive,Full,2010
1,British Columbia,413,Intensive,Full,2011
1,British Columbia,995,Intensive,Full,2012
1,British Columbia,1215,Intensive,Full,2013
1,British Columbia,837,Intensive,Full,2014
1,British Columbia,1081,Intensive,Full,2015
1,British Columbia,644,Intensive,Full,2016
1,British Columbia,746,Intensive,Full,2017
2,Manitoba,142,Intensive,Full,2008
2,Manitoba,10,Intensive,None,2009
2,Manitoba,52,Intensive,Full,2009
2,Manitoba,1,Intensive,Modified,2010
2,Manitoba,1,Intensive,None,2010
2,Manitoba,1,Limited,Modified,2010
2,Manitoba,4,Limited,None,2010
2,Manitoba,20,Limited,Full,2010
2,Manitoba,154,Intensive,Full,2010
2,Manitoba,1,Intensive,None,2011
2,Manitoba,1,Limited,Modified,2011
2,Manitoba,2,Intensive,Modified,2011
2,Manitoba,2,Limited,None,2011
2,Manitoba,7,Limited,Full,2011
2,Manitoba,90,Intensive,Full,2011
2,Manitoba,2,Intensive,None,2012
2,Manitoba,2,Limited,Modified,2012
2,Manitoba,3,Intensive,Modified,2012
2,Manitoba,5,Limited,None,2012
2,Manitoba,14,Limited,Full,2012
2,Manitoba,131,Intensive,Full,2012
2,Manitoba,1,Intensive,Modified,2013
2,Manitoba,1,Intensive,None,2013
2,Manitoba,7,Limited,None,2013
2,Manitoba,20,Limited,Full,2013
2,Manitoba,101,Intensive,Full,2013
2,Manitoba,1,Intensive,Modified,2014
2,Manitoba,1,Limited,None,2014
2,Manitoba,12,Limited,Full,2014
2,Manitoba,56,Intensive,Full,2014
2,Manitoba,1,Limited,Modified,2015
2,Manitoba,2,Intensive,Modified,2015
2,Manitoba,3,Limited,None,2015
2,Manitoba,9,Limited,Full,2015
2,Manitoba,87,Intensive,Full,2015
2,Manitoba,1,Intensive,Modified,2016
2,Manitoba,1,Intensive,None,2016
2,Manitoba,2,Limited,None,2016
2,Manitoba,7,Limited,Full,2016
2,Manitoba,31,Intensive,Full,2016
2,Manitoba,1,Intensive,Modified,2017
2,Manitoba,2,Limited,None,2017
2,Manitoba,5,Intensive,None,2017
2,Manitoba,21,Limited,Full,2017
2,Manitoba,110,Intensive,Full,2017
6,Manitoba,18,Limited,None,2008
6,Manitoba,1,Intensive,Modified,2010
6,Manitoba,1,Limited,Full,2010
6,Manitoba,2,Intensive,Full,2010
6,Manitoba,5,Limited,Modified,2010
6,Manitoba,14,Limited,None,2010
6,Manitoba,2,Limited,Modified,2011
6,Manitoba,3,Intensive,Modified,2011
6,Manitoba,2,Intensive,Modified,2012
6,Manitoba,4,Intensive,None,2012
6,Manitoba,6,Limited,None,2012
6,Manitoba,8,Intensive,Full,2012
6,Manitoba,9,Limited,Modified,2012
6,Manitoba,1,Intensive,Full,2013
6,Manitoba,1,Intensive,Modified,2013
6,Manitoba,1,Intensive,None,2013
6,Manitoba,1,Limited,Full,2013
6,Manitoba,13,Limited,None,2013
6,Manitoba,14,Limited,Modified,2013
6,Manitoba,7,Limited,Modified,2014
6,Manitoba,1,Intensive,None,2015
6,Manitoba,1,Limited,None,2015
6,Manitoba,2,Intensive,Modified,2015
6,Manitoba,4,Limited,Modified,2015
6,Manitoba,8,Intensive,Full,2015
6,Manitoba,1,Intensive,Modified,2016
6,Manitoba,2,Intensive,Full,2016
6,Manitoba,2,Limited,Modified,2016
6,Manitoba,2,Limited,None,2016
6,Manitoba,1,Limited,Full,2017
6,Manitoba,2,Intensive,Full,2017
6,Manitoba,7,Intensive,None,2017
6,Manitoba,7,Limited,None,2017
6,Manitoba,10,Intensive,Modified,2017
6,Manitoba,14,Limited,Modified,2017
3,Manitoba,89,Intensive,Full,2008
3,Manitoba,2,Limited,Full,2009
3,Manitoba,2,Limited,None,2009
3,Manitoba,4,Intensive,None,2009
3,Manitoba,39,Intensive,Full,2009
3,Manitoba,2,Intensive,Modified,2010
3,Manitoba,3,Intensive,None,2010
3,Manitoba,4,Limited,Modified,2010
3,Manitoba,5,Limited,None,2010
3,Manitoba,16,Limited,Full,2010
3,Manitoba,91,Intensive,Full,2010
3,Manitoba,2,Intensive,Modified,2011
3,Manitoba,2,Intensive,None,2011
3,Manitoba,2,Limited,None,2011
3,Manitoba,5,Limited,Modified,2011
3,Manitoba,9,Limited,Full,2011
3,Manitoba,43,Intensive,Full,2011
3,Manitoba,3,Intensive,Modified,2012
3,Manitoba,4,Limited,None,2012
3,Manitoba,7,Intensive,None,2012
3,Manitoba,12,Limited,Full,2012
3,Manitoba,58,Intensive,Full,2012
3,Manitoba,1,Limited,Modified,2013
3,Manitoba,4,Intensive,Modified,2013
3,Manitoba,5,Limited,None,2013
3,Manitoba,6,Intensive,None,2013
3,Manitoba,8,Limited,Full,2013
3,Manitoba,61,Intensive,Full,2013
3,Manitoba,1,Intensive,Modified,2014
3,Manitoba,2,Intensive,None,2014
3,Manitoba,2,Limited,None,2014
3,Manitoba,12,Limited,Full,2014
3,Manitoba,30,Intensive,Full,2014
3,Manitoba,1,Intensive,None,2015
3,Manitoba,3,Limited,Modified,2015
3,Manitoba,6,Limited,None,2015
3,Manitoba,7,Intensive,Modified,2015
3,Manitoba,10,Limited,Full,2015
3,Manitoba,100,Intensive,Full,2015
3,Manitoba,2,Intensive,Modified,2016
3,Manitoba,2,Limited,Modified,2016
3,Manitoba,3,Limited,None,2016
3,Manitoba,7,Limited,Full,2016
3,Manitoba,35,Intensive,Full,2016
3,Manitoba,2,Limited,None,2017
3,Manitoba,4,Intensive,Modified,2017
3,Manitoba,4,Limited,Modified,2017
3,Manitoba,9,Intensive,None,2017
3,Manitoba,14,Limited,Full,2017
3,Manitoba,54,Intensive,Full,2017
7,Manitoba,3,Limited,None,2008
7,Manitoba,1,Limited,Modified,2010
7,Manitoba,1,Limited,None,2010
7,Manitoba,2,Intensive,Full,2010
7,Manitoba,1,Intensive,Full,2011
7,Manitoba,1,Intensive,Modified,2011
7,Manitoba,1,Intensive,None,2011
7,Manitoba,1,Limited,Full,2011
7,Manitoba,1,Intensive,None,2012
7,Manitoba,1,Limited,Full,2012
7,Manitoba,2,Intensive,Modified,2012
7,Manitoba,2,Limited,Modified,2012
7,Manitoba,1,Intensive,Full,2013
7,Manitoba,1,Limited,Full,2013
7,Manitoba,8,Limited,None,2013
7,Manitoba,13,Limited,Modified,2013
7,Manitoba,1,Intensive,Full,2016
7,Manitoba,1,Intensive,Modified,2017
7,Manitoba,4,Limited,Modified,2017
4,Manitoba,38,Intensive,Full,2008
4,Manitoba,1,Limited,Full,2009
4,Manitoba,2,Intensive,None,2009
4,Manitoba,2,Limited,None,2009
4,Manitoba,5,Intensive,Modified,2009
4,Manitoba,14,Intensive,Full,2009
4,Manitoba,1,Intensive,Modified,2010
4,Manitoba,3,Limited,Modified,2010
4,Manitoba,5,Limited,Full,2010
4,Manitoba,10,Limited,None,2010
4,Manitoba,31,Intensive,Full,2010
4,Manitoba,2,Limited,Full,2011
4,Manitoba,2,Limited,Modified,2011
4,Manitoba,2,Limited,None,2011
4,Manitoba,14,Intensive,Full,2011
4,Manitoba,3,Intensive,Modified,2012
4,Manitoba,3,Limited,Modified,2012
4,Manitoba,5,Limited,Full,2012
4,Manitoba,8,Limited,None,2012
4,Manitoba,16,Intensive,None,2012
4,Manitoba,30,Intensive,Full,2012
4,Manitoba,4,Limited,Full,2013
4,Manitoba,6,Intensive,None,2013
4,Manitoba,10,Limited,Modified,2013
4,Manitoba,15,Limited,None,2013
4,Manitoba,19,Intensive,Full,2013
4,Manitoba,1,Intensive,Modified,2014
4,Manitoba,1,Intensive,None,2014
4,Manitoba,2,Limited,Modified,2014
4,Manitoba,3,Limited,Full,2014
4,Manitoba,3,Limited,None,2014
4,Manitoba,20,Intensive,Full,2014
4,Manitoba,3,Limited,None,2015
4,Manitoba,5,Intensive,None,2015
4,Manitoba,6,Intensive,Modified,2015
4,Manitoba,8,Limited,Full,2015
4,Manitoba,8,Limited,Modified,2015
4,Manitoba,34,Intensive,Full,2015
4,Manitoba,3,Limited,Full,2016
4,Manitoba,5,Limited,Modified,2016
4,Manitoba,7,Limited,None,2016
4,Manitoba,20,Intensive,Full,2016
4,Manitoba,5,Limited,Full,2017
4,Manitoba,11,Limited,Modified,2017
4,Manitoba,13,Limited,None,2017
4,Manitoba,14,Intensive,Modified,2017
4,Manitoba,18,Intensive,None,2017
4,Manitoba,20,Intensive,Full,2017
5,Manitoba,14,Intensive,Full,2008
5,Manitoba,1,Intensive,Modified,2009
5,Manitoba,1,Limited,None,2009
5,Manitoba,3,Intensive,Full,2009
5,Manitoba,3,Intensive,Modified,2010
5,Manitoba,4,Limited,Full,2010
5,Manitoba,6,Limited,Modified,2010
5,Manitoba,8,Intensive,Full,2010
5,Manitoba,22,Limited,None,2010
5,Manitoba,1,Intensive,None,2011
5,Manitoba,2,Intensive,Modified,2011
5,Manitoba,3,Limited,Modified,2011
5,Manitoba,6,Intensive,Full,2011
5,Manitoba,1,Limited,Modified,2012
5,Manitoba,3,Limited,Full,2012
5,Manitoba,6,Intensive,Modified,2012
5,Manitoba,8,Intensive,None,2012
5,Manitoba,10,Intensive,Full,2012
5,Manitoba,14,Limited,None,2012
5,Manitoba,2,Intensive,Modified,2013
5,Manitoba,2,Limited,Full,2013
5,Manitoba,4,Intensive,Full,2013
5,Manitoba,4,Intensive,None,2013
5,Manitoba,7,Limited,Modified,2013
5,Manitoba,25,Limited,None,2013
5,Manitoba,1,Limited,Full,2014
5,Manitoba,3,Intensive,Full,2014
5,Manitoba,3,Intensive,Modified,2014
5,Manitoba,3,Intensive,None,2014
5,Manitoba,5,Limited,Modified,2014
5,Manitoba,5,Limited,None,2014
5,Manitoba,1,Limited,Full,2015
5,Manitoba,8,Intensive,Modified,2015
5,Manitoba,9,Limited,None,2015
5,Manitoba,11,Limited,Modified,2015
5,Manitoba,13,Intensive,Full,2015
5,Manitoba,1,Limited,Full,2016
5,Manitoba,9,Intensive,Full,2016
5,Manitoba,11,Limited,Modified,2016
5,Manitoba,3,Intensive,Full,2017
5,Manitoba,3,Limited,Full,2017
5,Manitoba,14,Intensive,None,2017
5,Manitoba,14,Limited,Modified,2017
5,Manitoba,16,Intensive,Modified,2017
5,Manitoba,17,Limited,None,2017
8,Manitoba,1,Limited,Modified,2013
8,Manitoba,1,Limited,None,2013
0,Manitoba,8,Unspecified,Modified,2018
0,Manitoba,88,Unspecified,Modified,2018
0,Manitoba,156,Unspecified,Full,2018
0,Manitoba,225,Unspecified,Full,2018
1,Manitoba,93,Intensive,Full,2008
1,Manitoba,1,Intensive,None,2009
1,Manitoba,2,Limited,None,2009
1,Manitoba,3,Intensive,Modified,2009
1,Manitoba,40,Intensive,Full,2009
1,Manitoba,1,Limited,Modified,2010
1,Manitoba,3,Intensive,Modified,2010
1,Manitoba,3,Intensive,None,2010
1,Manitoba,16,Limited,Full,2010
1,Manitoba,136,Intensive,Full,2010
1,Manitoba,1,Limited,Modified,2011
1,Manitoba,3,Intensive,None,2011
1,Manitoba,14,Limited,Full,2011
1,Manitoba,87,Intensive,Full,2011
1,Manitoba,1,Intensive,Modified,2012
1,Manitoba,1,Limited,None,2012
1,Manitoba,2,Intensive,None,2012
1,Manitoba,13,Limited,Full,2012
1,Manitoba,97,Intensive,Full,2012
1,Manitoba,2,Intensive,Modified,2013
1,Manitoba,2,Intensive,None,2013
1,Manitoba,2,Limited,Modified,2013
1,Manitoba,4,Limited,None,2013
1,Manitoba,19,Limited,Full,2013
1,Manitoba,96,Intensive,Full,2013
1,Manitoba,2,Intensive,Modified,2014
1,Manitoba,3,Limited,None,2014
1,Manitoba,8,Limited,Full,2014
1,Manitoba,58,Intensive,Full,2014
1,Manitoba,1,Limited,Modified,2015
1,Manitoba,2,Intensive,Modified,2015
1,Manitoba,2,Intensive,None,2015
1,Manitoba,14,Limited,Full,2015
1,Manitoba,89,Intensive,Full,2015
1,Manitoba,5,Limited,Full,2016
1,Manitoba,42,Intensive,Full,2016
1,Manitoba,2,Limited,None,2017
1,Manitoba,5,Intensive,None,2017
1,Manitoba,7,Intensive,Modified,2017
1,Manitoba,23,Limited,Full,2017
1,Manitoba,102,Intensive,Full,2017
2,National parks,2,Intensive,Modified,2008
2,National parks,17,Intensive,Full,2008
2,National parks,9,Intensive,Modified,2009
2,National parks,17,Intensive,Full,2009
2,National parks,11,Intensive,Full,2010
2,National parks,4,Intensive,Modified,2011
2,National parks,8,Intensive,Full,2011
2,National parks,5,Intensive,Full,2012
2,National parks,7,Intensive,Modified,2012
2,National parks,2,Intensive,Full,2013
2,National parks,8,Intensive,Modified,2013
2,National parks,2,Intensive,Modified,2014
2,National parks,16,Intensive,Full,2014
2,National parks,6,Intensive,Modified,2015
2,National parks,4,Intensive,Modified,2016
2,National parks,7,Intensive,Full,2016
2,National parks,5,Intensive,Modified,2017
2,National parks,19,Intensive,Full,2017
6,National parks,2,Intensive,Modified,2008
6,National parks,4,Intensive,Full,2008
6,National parks,5,Intensive,Modified,2009
6,National parks,2,Intensive,Full,2010
6,National parks,1,Intensive,Full,2011
6,National parks,1,Intensive,Modified,2011
6,National parks,11,Intensive,Modified,2012
6,National parks,5,Intensive,Full,2013
6,National parks,6,Intensive,Modified,2013
6,National parks,2,Intensive,Full,2014
6,National parks,4,Intensive,Modified,2014
6,National parks,10,Intensive,Modified,2015
6,National parks,1,Intensive,Full,2016
6,National parks,1,Intensive,Full,2017
6,National parks,7,Intensive,Modified,2017
3,National parks,5,Intensive,Modified,2008
3,National parks,11,Intensive,Full,2008
3,National parks,5,Intensive,Modified,2009
3,National parks,9,Intensive,Full,2009
3,National parks,20,Intensive,Full,2010
3,National parks,1,Intensive,Full,2011
3,National parks,5,Intensive,Modified,2011
3,National parks,5,Intensive,Full,2012
3,National parks,6,Intensive,Modified,2012
3,National parks,2,Intensive,Full,2013
3,National parks,14,Intensive,Modified,2013
3,National parks,4,Intensive,Full,2014
3,National parks,11,Intensive,Modified,2014
3,National parks,6,Intensive,Modified,2015
3,National parks,22,Intensive,Full,2015
3,National parks,1,Intensive,Full,2016
3,National parks,6,Intensive,Modified,2016
3,National parks,6,Intensive,Full,2017
3,National parks,7,Intensive,Modified,2017
7,National parks,1,Intensive,Modified,2009
7,National parks,3,Intensive,Modified,2011
7,National parks,5,Intensive,Modified,2012
7,National parks,1,Intensive,Modified,2013
7,National parks,3,Intensive,Modified,2014
7,National parks,4,Intensive,Full,2014
7,National parks,10,Intensive,Modified,2015
7,National parks,2,Intensive,Full,2017
7,National parks,2,Intensive,Modified,2017
4,National parks,4,Intensive,Modified,2008
4,National parks,11,Intensive,Full,2008
4,National parks,6,Intensive,Modified,2009
4,National parks,7,Intensive,Full,2009
4,National parks,16,Intensive,Full,2010
4,National parks,3,Intensive,Full,2011
4,National parks,6,Intensive,Modified,2011
4,National parks,8,Intensive,Modified,2012
4,National parks,1,Intensive,Full,2013
4,National parks,17,Intensive,Modified,2013
4,National parks,4,Intensive,Full,2014
4,National parks,7,Intensive,Modified,2014
4,National parks,14,Intensive,Modified,2015
4,National parks,2,Intensive,Full,2016
4,National parks,4,Intensive,Modified,2016
4,National parks,3,Intensive,Full,2017
4,National parks,6,Intensive,Modified,2017
5,National parks,4,Intensive,Modified,2008
5,National parks,6,Intensive,Full,2008
5,National parks,4,Intensive,Full,2009
5,National parks,8,Intensive,Modified,2009
5,National parks,8,Intensive,Full,2010
5,National parks,1,Intensive,Modified,2011
5,National parks,1,Intensive,Full,2012
5,National parks,4,Intensive,Modified,2012
5,National parks,2,Intensive,Full,2013
5,National parks,6,Intensive,Modified,2013
5,National parks,1,Intensive,Full,2014
5,National parks,1,Intensive,Modified,2014
5,National parks,2,Intensive,Full,2015
5,National parks,14,Intensive,Modified,2015
5,National parks,4,Intensive,Modified,2016
5,National parks,1,Intensive,Full,2017
5,National parks,7,Intensive,Modified,2017
8,National parks,1,Intensive,Modified,2012
8,National parks,1,Intensive,Modified,2015
0,National parks,12,Unspecified,Full,2018
0,National parks,20,Unspecified,Modified,2018
0,National parks,33,Unspecified,Full,2018
0,National parks,75,Unspecified,Modified,2018
1,National parks,2,Intensive,Modified,2008
1,National parks,40,Intensive,Full,2008
1,National parks,4,Intensive,Modified,2009
1,National parks,59,Intensive,Full,2009
1,National parks,64,Intensive,Full,2010
1,National parks,2,Intensive,Modified,2011
1,National parks,41,Intensive,Full,2011
1,National parks,2,Intensive,Modified,2012
1,National parks,31,Intensive,Full,2012
1,National parks,4,Intensive,Modified,2013
1,National parks,25,Intensive,Full,2013
1,National parks,2,Intensive,Modified,2014
1,National parks,23,Intensive,Full,2014
1,National parks,6,Intensive,Modified,2015
1,National parks,31,Intensive,Full,2015
1,National parks,3,Intensive,Modified,2016
1,National parks,33,Intensive,Full,2016
1,National parks,2,Intensive,Modified,2017
1,National parks,101,Intensive,Full,2017
2,New Brunswick,50,Intensive,Full,2008
2,New Brunswick,64,Intensive,Full,2009
2,New Brunswick,49,Intensive,Full,2010
2,New Brunswick,30,Intensive,Full,2011
2,New Brunswick,128,Intensive,Full,2012
2,New Brunswick,145,Intensive,Full,2013
2,New Brunswick,73,Intensive,Full,2014
2,New Brunswick,90,Intensive,Full,2015
3,New Brunswick,22,Intensive,Full,2008
3,New Brunswick,37,Intensive,Full,2009
3,New Brunswick,36,Intensive,Full,2010
3,New Brunswick,8,Intensive,Full,2011
3,New Brunswick,70,Intensive,Full,2012
3,New Brunswick,74,Intensive,Full,2013
3,New Brunswick,29,Intensive,Full,2014
3,New Brunswick,40,Intensive,Full,2015
4,New Brunswick,2,Intensive,Full,2008
4,New Brunswick,4,Intensive,Full,2009
4,New Brunswick,1,Intensive,Full,2010
4,New Brunswick,3,Intensive,Full,2012
4,New Brunswick,7,Intensive,Full,2013
4,New Brunswick,3,Intensive,Full,2015
5,New Brunswick,3,Intensive,Full,2013
0,New Brunswick,206,Intensive,Full,2015
0,New Brunswick,19,Unspecified,Full,2018
0,New Brunswick,263,Unspecified,Full,2018
1,New Brunswick,94,Intensive,Full,2008
1,New Brunswick,92,Intensive,Full,2009
1,New Brunswick,93,Intensive,Full,2010
1,New Brunswick,43,Intensive,Full,2011
1,New Brunswick,143,Intensive,Full,2012
1,New Brunswick,125,Intensive,Full,2013
1,New Brunswick,76,Intensive,Full,2014
1,New Brunswick,88,Intensive,Full,2015
2,Newfoundland and Labrador,1,Limited,Full,2008
2,Newfoundland and Labrador,4,Limited,Modified,2008
2,Newfoundland and Labrador,23,Intensive,Full,2008
2,Newfoundland and Labrador,1,Limited,None,2009
2,Newfoundland and Labrador,35,Intensive,Full,2009
2,Newfoundland and Labrador,13,Intensive,Full,2010
2,Newfoundland and Labrador,1,Limited,Full,2011
2,Newfoundland and Labrador,1,Limited,None,2011
2,Newfoundland and Labrador,11,Intensive,Full,2011
2,Newfoundland and Labrador,1,Intensive,None,2012
2,Newfoundland and Labrador,1,Limited,Modified,2012
2,Newfoundland and Labrador,3,Limited,None,2012
2,Newfoundland and Labrador,37,Intensive,Full,2012
2,Newfoundland and Labrador,15,Intensive,Full,2013
2,Newfoundland and Labrador,27,Intensive,Full,2014
2,Newfoundland and Labrador,1,Intensive,None,2015
2,Newfoundland and Labrador,2,Limited,Full,2015
2,Newfoundland and Labrador,23,Intensive,Full,2015
2,Newfoundland and Labrador,1,Limited,Full,2016
2,Newfoundland and Labrador,18,Intensive,Full,2016
2,Newfoundland and Labrador,19,Intensive,Full,2017
6,Newfoundland and Labrador,1,Limited,None,2008
6,Newfoundland and Labrador,1,Intensive,Full,2009
6,Newfoundland and Labrador,1,Limited,Full,2009
6,Newfoundland and Labrador,1,Limited,None,2009
6,Newfoundland and Labrador,1,Intensive,Full,2012
6,Newfoundland and Labrador,1,Intensive,Modified,2012
6,Newfoundland and Labrador,1,Limited,Modified,2012
6,Newfoundland and Labrador,2,Limited,Full,2012
6,Newfoundland and Labrador,5,Limited,None,2012
6,Newfoundland and Labrador,1,Intensive,Full,2013
6,Newfoundland and Labrador,3,Limited,None,2013
6,Newfoundland and Labrador,1,Intensive,Full,2014
6,Newfoundland and Labrador,1,Limited,Modified,2014
6,Newfoundland and Labrador,1,Limited,None,2014
6,Newfoundland and Labrador,1,Limited,Modified,2015
6,Newfoundland and Labrador,1,Limited,None,2015
6,Newfoundland and Labrador,1,Limited,Full,2016
3,Newfoundland and Labrador,2,Intensive,Modified,2008
3,Newfoundland and Labrador,2,Limited,Full,2008
3,Newfoundland and Labrador,2,Limited,None,2008
3,Newfoundland and Labrador,4,Limited,Modified,2008
3,Newfoundland and Labrador,18,Intensive,Full,2008
3,Newfoundland and Labrador,24,Intensive,Full,2009
3,Newfoundland and Labrador,1,Limited,None,2010
3,Newfoundland and Labrador,10,Intensive,Full,2010
3,Newfoundland and Labrador,1,Limited,Full,2011
3,Newfoundland and Labrador,10,Intensive,Full,2011
3,Newfoundland and Labrador,1,Intensive,Modified,2012
3,Newfoundland and Labrador,1,Intensive,None,2012
3,Newfoundland and Labrador,1,Limited,Modified,2012
3,Newfoundland and Labrador,18,Intensive,Full,2012
3,Newfoundland and Labrador,15,Intensive,Full,2013
3,Newfoundland and Labrador,1,Limited,Full,2014
3,Newfoundland and Labrador,1,Limited,None,2014
3,Newfoundland and Labrador,3,Limited,Modified,2014
3,Newfoundland and Labrador,16,Intensive,Full,2014
3,Newfoundland and Labrador,1,Limited,Modified,2015
3,Newfoundland and Labrador,10,Intensive,Full,2015
3,Newfoundland and Labrador,1,Intensive,None,2016
3,Newfoundland and Labrador,2,Limited,Full,2016
3,Newfoundland and Labrador,16,Intensive,Full,2016
3,Newfoundland and Labrador,1,Limited,Full,2017
3,Newfoundland and Labrador,14,Intensive,Full,2017
7,Newfoundland and Labrador,1,Limited,Full,2009
7,Newfoundland and Labrador,1,Intensive,Full,2012
7,Newfoundland and Labrador,2,Limited,None,2012
7,Newfoundland and Labrador,1,Intensive,Full,2013
7,Newfoundland and Labrador,1,Limited,Full,2013
4,Newfoundland and Labrador,1,Intensive,Modified,2008
4,Newfoundland and Labrador,2,Limited,None,2008
4,Newfoundland and Labrador,4,Intensive,Full,2008
4,Newfoundland and Labrador,7,Limited,Modified,2008
4,Newfoundland and Labrador,2,Limited,Full,2009
4,Newfoundland and Labrador,8,Intensive,Full,2009
4,Newfoundland and Labrador,1,Intensive,Full,2010
4,Newfoundland and Labrador,1,Limited,Full,2011
4,Newfoundland and Labrador,1,Limited,Modified,2011
4,Newfoundland and Labrador,3,Limited,None,2011
4,Newfoundland and Labrador,1,Intensive,None,2012
4,Newfoundland and Labrador,1,Limited,Full,2012
4,Newfoundland and Labrador,2,Limited,Modified,2012
4,Newfoundland and Labrador,4,Intensive,Full,2012
4,Newfoundland and Labrador,6,Limited,None,2012
4,Newfoundland and Labrador,1,Intensive,None,2013
4,Newfoundland and Labrador,2,Intensive,Full,2013
4,Newfoundland and Labrador,2,Limited,None,2013
4,Newfoundland and Labrador,1,Limited,Modified,2014
4,Newfoundland and Labrador,1,Limited,None,2014
4,Newfoundland and Labrador,4,Intensive,Full,2015
4,Newfoundland and Labrador,1,Intensive,Modified,2016
4,Newfoundland and Labrador,1,Limited,None,2016
4,Newfoundland and Labrador,2,Intensive,Full,2016
4,Newfoundland and Labrador,1,Intensive,Full,2017
5,Newfoundland and Labrador,1,Limited,Full,2008
5,Newfoundland and Labrador,3,Limited,Modified,2008
5,Newfoundland and Labrador,5,Intensive,Full,2008
5,Newfoundland and Labrador,1,Intensive,None,2010
5,Newfoundland and Labrador,2,Limited,None,2010
5,Newfoundland and Labrador,2,Limited,None,2011
5,Newfoundland and Labrador,1,Intensive,Modified,2012
5,Newfoundland and Labrador,1,Intensive,None,2012
5,Newfoundland and Labrador,4,Limited,Modified,2012
5,Newfoundland and Labrador,6,Intensive,Full,2012
5,Newfoundland and Labrador,6,Limited,None,2012
5,Newfoundland and Labrador,4,Limited,None,2013
5,Newfoundland and Labrador,1,Intensive,Modified,2014
5,Newfoundland and Labrador,2,Limited,None,2014
5,Newfoundland and Labrador,3,Intensive,Full,2014
5,Newfoundland and Labrador,6,Limited,Modified,2014
5,Newfoundland and Labrador,1,Limited,None,2015
5,Newfoundland and Labrador,3,Intensive,Full,2015
5,Newfoundland and Labrador,1,Limited,None,2016
5,Newfoundland and Labrador,2,Intensive,Full,2016
5,Newfoundland and Labrador,1,Intensive,Full,2017
0,Newfoundland and Labrador,4,Unspecified,Full,2018
0,Newfoundland and Labrador,7,Unspecified,Modified,2018
0,Newfoundland and Labrador,121,Unspecified,Full,2018
1,Newfoundland and Labrador,1,Limited,Full,2008
1,Newfoundland and Labrador,4,Limited,None,2008
1,Newfoundland and Labrador,5,Limited,Modified,2008
1,Newfoundland and Labrador,49,Intensive,Full,2008
1,Newfoundland and Labrador,2,Limited,None,2009
1,Newfoundland and Labrador,100,Intensive,Full,2009
1,Newfoundland and Labrador,1,Limited,Full,2010
1,Newfoundland and Labrador,1,Limited,None,2010
1,Newfoundland and Labrador,31,Intensive,Full,2010
1,Newfoundland and Labrador,1,Intensive,Modified,2011
1,Newfoundland and Labrador,1,Limited,None,2011
1,Newfoundland and Labrador,20,Intensive,Full,2011
1,Newfoundland and Labrador,1,Intensive,None,2012
1,Newfoundland and Labrador,4,Limited,None,2012
1,Newfoundland and Labrador,85,Intensive,Full,2012
1,Newfoundland and Labrador,1,Limited,Full,2013
1,Newfoundland and Labrador,1,Limited,None,2013
1,Newfoundland and Labrador,54,Intensive,Full,2013
1,Newfoundland and Labrador,1,Intensive,Modified,2014
1,Newfoundland and Labrador,1,Intensive,None,2014
1,Newfoundland and Labrador,1,Limited,Full,2014
1,Newfoundland and Labrador,5,Limited,None,2014
1,Newfoundland and Labrador,51,Intensive,Full,2014
1,Newfoundland and Labrador,1,Intensive,Modified,2015
1,Newfoundland and Labrador,1,Limited,Full,2015
1,Newfoundland and Labrador,2,Limited,Modified,2015
1,Newfoundland and Labrador,6,Limited,None,2015
1,Newfoundland and Labrador,71,Intensive,Full,2015
1,Newfoundland and Labrador,1,Limited,Full,2016
1,Newfoundland and Labrador,44,Intensive,Full,2016
1,Newfoundland and Labrador,1,Intensive,Modified,2017
1,Newfoundland and Labrador,43,Intensive,Full,2017
2,Northwest Territories,9,Intensive,Modified,2008
2,Northwest Territories,23,Intensive,Full,2008
2,Northwest Territories,1,Intensive,Modified,2009
2,Northwest Territories,16,Intensive,Full,2009
2,Northwest Territories,17,Intensive,Modified,2010
2,Northwest Territories,25,Intensive,Full,2010
2,Northwest Territories,14,Intensive,Modified,2011
2,Northwest Territories,29,Intensive,Full,2011
2,Northwest Territories,12,Intensive,Modified,2012
2,Northwest Territories,27,Intensive,Full,2012
2,Northwest Territories,12,Intensive,Modified,2013
2,Northwest Territories,26,Intensive,Full,2013
2,Northwest Territories,26,Intensive,Modified,2014
2,Northwest Territories,39,Intensive,Full,2014
2,Northwest Territories,10,Intensive,Modified,2016
2,Northwest Territories,18,Intensive,Full,2016
2,Northwest Territories,10,Intensive,Modified,2017
2,Northwest Territories,19,Intensive,Full,2017
2,Northwest Territories,1,Intensive,Modified,2018
2,Northwest Territories,3,Intensive,Full,2018
6,Northwest Territories,3,Intensive,Full,2008
6,Northwest Territories,31,Intensive,Modified,2008
6,Northwest Territories,1,Intensive,Modified,2009
6,Northwest Territories,5,Intensive,Full,2010
6,Northwest Territories,25,Intensive,Modified,2010
6,Northwest Territories,3,Intensive,Full,2011
6,Northwest Territories,33,Intensive,Modified,2011
6,Northwest Territories,5,Intensive,Full,2012
6,Northwest Territories,37,Intensive,Modified,2012
6,Northwest Territories,5,Intensive,Full,2013
6,Northwest Territories,37,Intensive,Modified,2013
6,Northwest Territories,10,Intensive,Full,2014
6,Northwest Territories,65,Intensive,Modified,2014
6,Northwest Territories,1,Intensive,Full,2016
6,Northwest Territories,30,Intensive,Modified,2016
6,Northwest Territories,50,Intensive,Modified,2017
6,Northwest Territories,5,Intensive,Modified,2018
3,Northwest Territories,25,Intensive,Full,2008
3,Northwest Territories,28,Intensive,Modified,2008
3,Northwest Territories,4,Intensive,Modified,2009
3,Northwest Territories,6,Intensive,Full,2009
3,Northwest Territories,15,Intensive,Modified,2010
3,Northwest Territories,25,Intensive,Full,2010
3,Northwest Territories,17,Intensive,Full,2011
3,Northwest Territories,29,Intensive,Modified,2011
3,Northwest Territories,23,Intensive,Full,2012
3,Northwest Territories,26,Intensive,Modified,2012
3,Northwest Territories,23,Intensive,Full,2013
3,Northwest Territories,26,Intensive,Modified,2013
3,Northwest Territories,17,Intensive,Modified,2014
3,Northwest Territories,22,Intensive,Full,2014
3,Northwest Territories,12,Intensive,Full,2016
3,Northwest Territories,19,Intensive,Modified,2016
3,Northwest Territories,9,Intensive,Modified,2017
3,Northwest Territories,14,Intensive,Full,2017
3,Northwest Territories,4,Intensive,Full,2018
3,Northwest Territories,9,Intensive,Modified,2018
7,Northwest Territories,1,Intensive,Modified,2008
7,Northwest Territories,4,Intensive,Full,2008
7,Northwest Territories,4,Intensive,Full,2010
7,Northwest Territories,5,Intensive,Modified,2010
7,Northwest Territories,5,Intensive,Modified,2011
7,Northwest Territories,2,Intensive,Full,2012
7,Northwest Territories,13,Intensive,Modified,2012
7,Northwest Territories,2,Intensive,Full,2013
7,Northwest Territories,13,Intensive,Modified,2013
7,Northwest Territories,8,Intensive,Full,2014
7,Northwest Territories,36,Intensive,Modified,2014
7,Northwest Territories,5,Intensive,Modified,2016
7,Northwest Territories,13,Intensive,Modified,2017
4,Northwest Territories,3,Intensive,Full,2008
4,Northwest Territories,38,Intensive,Modified,2008
4,Northwest Territories,1,Intensive,Full,2009
4,Northwest Territories,3,Intensive,Modified,2009
4,Northwest Territories,11,Intensive,Full,2010
4,Northwest Territories,30,Intensive,Modified,2010
4,Northwest Territories,8,Intensive,Full,2011
4,Northwest Territories,20,Intensive,Modified,2011
4,Northwest Territories,10,Intensive,Full,2012
4,Northwest Territories,29,Intensive,Modified,2012
4,Northwest Territories,10,Intensive,Full,2013
4,Northwest Territories,29,Intensive,Modified,2013
4,Northwest Territories,18,Intensive,Full,2014
4,Northwest Territories,31,Intensive,Modified,2014
4,Northwest Territories,4,Intensive,Full,2016
4,Northwest Territories,28,Intensive,Modified,2016
4,Northwest Territories,6,Intensive,Full,2017
4,Northwest Territories,40,Intensive,Modified,2017
4,Northwest Territories,5,Intensive,Full,2018
4,Northwest Territories,14,Intensive,Modified,2018
5,Northwest Territories,8,Intensive,Full,2008
5,Northwest Territories,46,Intensive,Modified,2008
5,Northwest Territories,2,Intensive,Full,2009
5,Northwest Territories,2,Intensive,Modified,2009
5,Northwest Territories,5,Intensive,Full,2010
5,Northwest Territories,29,Intensive,Modified,2010
5,Northwest Territories,4,Intensive,Full,2011
5,Northwest Territories,18,Intensive,Modified,2011
5,Northwest Territories,6,Intensive,Full,2012
5,Northwest Territories,67,Intensive,Modified,2012
5,Northwest Territories,6,Intensive,Full,2013
5,Northwest Territories,37,Intensive,Modified,2013
5,Northwest Territories,8,Intensive,Full,2014
5,Northwest Territories,72,Intensive,Modified,2014
5,Northwest Territories,1,Intensive,Full,2016
5,Northwest Territories,29,Intensive,Modified,2016
5,Northwest Territories,2,Intensive,Full,2017
5,Northwest Territories,50,Intensive,Modified,2017
5,Northwest Territories,1,Intensive,Full,2018
5,Northwest Territories,9,Intensive,Modified,2018
8,Northwest Territories,2,Intensive,Modified,2014
8,Northwest Territories,6,Intensive,Full,2014
8,Northwest Territories,1,Intensive,Modified,2017
0,Northwest Territories,92,Intensive,Full,2015
0,Northwest Territories,92,Intensive,Modified,2015
1,Northwest Territories,3,Intensive,Modified,2008
1,Northwest Territories,19,Intensive,Full,2008
1,Northwest Territories,1,Intensive,Modified,2009
1,Northwest Territories,5,Intensive,Full,2009
1,Northwest Territories,8,Intensive,Modified,2010
1,Northwest Territories,20,Intensive,Full,2010
1,Northwest Territories,12,Intensive,Modified,2011
1,Northwest Territories,15,Intensive,Full,2011
1,Northwest Territories,7,Intensive,Modified,2012
1,Northwest Territories,15,Intensive,Full,2012
1,Northwest Territories,7,Intensive,Modified,2013
1,Northwest Territories,15,Intensive,Full,2013
1,Northwest Territories,7,Intensive,Modified,2014
1,Northwest Territories,18,Intensive,Full,2014
1,Northwest Territories,15,Intensive,Modified,2016
1,Northwest Territories,17,Intensive,Full,2016
1,Northwest Territories,17,Intensive,Full,2017
1,Northwest Territories,31,Intensive,Modified,2017
1,Northwest Territories,2,Intensive,Modified,2018
1,Northwest Territories,6,Intensive,Full,2018
2,Nova Scotia,90,Intensive,Full,2008
2,Nova Scotia,109,Intensive,Full,2009
2,Nova Scotia,163,Intensive,Full,2010
2,Nova Scotia,69,Intensive,Full,2013
2,Nova Scotia,57,Intensive,Full,2014
2,Nova Scotia,99,Intensive,Full,2015
2,Nova Scotia,99,Intensive,Full,2016
2,Nova Scotia,53,Intensive,Full,2017
6,Nova Scotia,1,Intensive,Full,2008
3,Nova Scotia,59,Intensive,Full,2008
3,Nova Scotia,30,Intensive,Full,2009
3,Nova Scotia,58,Intensive,Full,2010
3,Nova Scotia,37,Intensive,Full,2013
3,Nova Scotia,42,Intensive,Full,2014
3,Nova Scotia,57,Intensive,Full,2015
3,Nova Scotia,49,Intensive,Full,2016
3,Nova Scotia,29,Intensive,Full,2017
4,Nova Scotia,9,Intensive,Full,2008
4,Nova Scotia,4,Intensive,Full,2009
4,Nova Scotia,6,Intensive,Full,2010
4,Nova Scotia,5,Intensive,Full,2013
4,Nova Scotia,6,Intensive,Full,2014
4,Nova Scotia,7,Intensive,Full,2015
4,Nova Scotia,10,Intensive,Full,2016
4,Nova Scotia,5,Intensive,Full,2017
5,Nova Scotia,2,Intensive,Full,2008
5,Nova Scotia,1,Intensive,Full,2009
5,Nova Scotia,1,Intensive,Full,2010
5,Nova Scotia,1,Intensive,Full,2014
5,Nova Scotia,1,Intensive,Full,2015
5,Nova Scotia,1,Intensive,Full,2016
5,Nova Scotia,1,Intensive,Full,2017
0,Nova Scotia,4,Unspecified,Full,2018
0,Nova Scotia,186,Unspecified,Full,2018
1,Nova Scotia,87,Intensive,Full,2008
1,Nova Scotia,54,Intensive,Full,2009
1,Nova Scotia,85,Intensive,Full,2010
1,Nova Scotia,60,Intensive,Full,2013
1,Nova Scotia,65,Intensive,Full,2014
1,Nova Scotia,83,Intensive,Full,2015
1,Nova Scotia,115,Intensive,Full,2016
1,Nova Scotia,87,Intensive,Full,2017
2,Ontario,1,Intensive,None,2008
2,Ontario,3,Limited,None,2008
2,Ontario,17,Limited,Full,2008
2,Ontario,73,Intensive,Full,2008
2,Ontario,1,Intensive,None,2009
2,Ontario,1,Limited,None,2009
2,Ontario,13,Limited,Full,2009
2,Ontario,91,Intensive,Full,2009
2,Ontario,1,Limited,Modified,2010
2,Ontario,2,Intensive,Modified,2010
2,Ontario,3,Intensive,None,2010
2,Ontario,8,Limited,None,2010
2,Ontario,36,Limited,Full,2010
2,Ontario,282,Intensive,Full,2010
2,Ontario,1,Limited,Modified,2011
2,Ontario,4,Intensive,None,2011
2,Ontario,10,Limited,None,2011
2,Ontario,70,Limited,Full,2011
2,Ontario,344,Intensive,Full,2011
2,Ontario,1,Limited,Modified,2012
2,Ontario,2,Intensive,Modified,2012
2,Ontario,8,Intensive,None,2012
2,Ontario,16,Limited,None,2012
2,Ontario,47,Limited,Full,2012
2,Ontario,482,Intensive,Full,2012
2,Ontario,2,Intensive,None,2013
2,Ontario,11,Limited,None,2013
2,Ontario,21,Limited,Full,2013
2,Ontario,143,Intensive,Full,2013
2,Ontario,1,Intensive,None,2014
2,Ontario,3,Limited,None,2014
2,Ontario,20,Limited,Full,2014
2,Ontario,84,Intensive,Full,2014
2,Ontario,1,Limited,Modified,2015
2,Ontario,9,Limited,None,2015
2,Ontario,10,Intensive,None,2015
2,Ontario,16,Limited,Full,2015
2,Ontario,165,Intensive,Full,2015
2,Ontario,2,Intensive,None,2016
2,Ontario,2,Limited,None,2016
2,Ontario,19,Limited,Full,2016
2,Ontario,183,Intensive,Full,2016
2,Ontario,7,Intensive,None,2017
2,Ontario,23,Limited,None,2017
2,Ontario,49,Limited,Full,2017
2,Ontario,129,Intensive,Full,2017
6,Ontario,1,Limited,Full,2009
6,Ontario,5,Limited,None,2009
6,Ontario,1,Limited,Full,2010
6,Ontario,1,Limited,None,2010
6,Ontario,2,Intensive,Full,2010
6,Ontario,2,Limited,Modified,2011
6,Ontario,3,Limited,Full,2011
6,Ontario,25,Limited,None,2011
6,Ontario,2,Intensive,Full,2012
6,Ontario,16,Limited,None,2012
6,Ontario,1,Limited,Modified,2013
6,Ontario,8,Limited,None,2013
6,Ontario,1,Limited,None,2014
6,Ontario,1,Limited,Modified,2015
6,Ontario,6,Limited,None,2015
6,Ontario,2,Intensive,Full,2016
6,Ontario,15,Limited,None,2017
3,Ontario,1,Intensive,None,2008
3,Ontario,1,Limited,None,2008
3,Ontario,9,Limited,Full,2008
3,Ontario,24,Intensive,Full,2008
3,Ontario,3,Limited,None,2009
3,Ontario,7,Limited,Full,2009
3,Ontario,44,Intensive,Full,2009
3,Ontario,1,Intensive,None,2010
3,Ontario,8,Limited,None,2010
3,Ontario,11,Limited,Full,2010
3,Ontario,141,Intensive,Full,2010
3,Ontario,1,Limited,Modified,2011
3,Ontario,4,Intensive,None,2011
3,Ontario,19,Limited,None,2011
3,Ontario,34,Limited,Full,2011
3,Ontario,107,Intensive,Full,2011
3,Ontario,1,Limited,Modified,2012
3,Ontario,2,Intensive,None,2012
3,Ontario,23,Limited,None,2012
3,Ontario,32,Limited,Full,2012
3,Ontario,176,Intensive,Full,2012
3,Ontario,1,Intensive,Modified,2013
3,Ontario,2,Intensive,None,2013
3,Ontario,20,Limited,Full,2013
3,Ontario,20,Limited,None,2013
3,Ontario,52,Intensive,Full,2013
3,Ontario,7,Limited,None,2014
3,Ontario,8,Limited,Full,2014
3,Ontario,19,Intensive,Full,2014
3,Ontario,1,Limited,Modified,2015
3,Ontario,6,Intensive,None,2015
3,Ontario,14,Limited,Full,2015
3,Ontario,19,Limited,None,2015
3,Ontario,81,Intensive,Full,2015
3,Ontario,1,Intensive,Modified,2016
3,Ontario,4,Limited,None,2016
3,Ontario,8,Limited,Full,2016
3,Ontario,76,Intensive,Full,2016
3,Ontario,1,Intensive,Modified,2017
3,Ontario,5,Intensive,None,2017
3,Ontario,18,Limited,Full,2017
3,Ontario,30,Limited,None,2017
3,Ontario,44,Intensive,Full,2017
7,Ontario,1,Intensive,Full,2011
7,Ontario,12,Limited,None,2011
7,Ontario,1,Intensive,Full,2012
7,Ontario,3,Limited,None,2012
7,Ontario,1,Limited,Full,2013
7,Ontario,1,Limited,None,2015
7,Ontario,1,Limited,Full,2016
7,Ontario,3,Limited,None,2017
4,Ontario,2,Intensive,Full,2008
4,Ontario,5,Limited,None,2008
4,Ontario,2,Limited,Full,2009
4,Ontario,8,Intensive,Full,2009
4,Ontario,9,Limited,None,2009
4,Ontario,1,Limited,Full,2010
4,Ontario,11,Limited,None,2010
4,Ontario,21,Intensive,Full,2010
4,Ontario,2,Limited,Modified,2011
4,Ontario,3,Intensive,None,2011
4,Ontario,7,Limited,Full,2011
4,Ontario,12,Intensive,Full,2011
4,Ontario,20,Limited,None,2011
4,Ontario,1,Intensive,Modified,2012
4,Ontario,1,Intensive,None,2012
4,Ontario,2,Limited,Modified,2012
4,Ontario,4,Limited,Full,2012
4,Ontario,19,Limited,None,2012
4,Ontario,28,Intensive,Full,2012
4,Ontario,7,Intensive,Full,2013
4,Ontario,7,Limited,Full,2013
4,Ontario,18,Limited,None,2013
4,Ontario,6,Intensive,Full,2014
4,Ontario,7,Limited,None,2014
4,Ontario,1,Intensive,None,2015
4,Ontario,1,Limited,Full,2015
4,Ontario,1,Limited,Modified,2015
4,Ontario,10,Intensive,Full,2015
4,Ontario,22,Limited,None,2015
4,Ontario,1,Intensive,None,2016
4,Ontario,4,Limited,Full,2016
4,Ontario,8,Limited,None,2016
4,Ontario,11,Intensive,Full,2016
4,Ontario,4,Intensive,None,2017
4,Ontario,6,Intensive,Full,2017
4,Ontario,8,Limited,Full,2017
4,Ontario,56,Limited,None,2017
5,Ontario,3,Limited,None,2008
5,Ontario,1,Limited,Full,2009
5,Ontario,16,Limited,None,2009
5,Ontario,1,Limited,Full,2010
5,Ontario,1,Limited,Modified,2010
5,Ontario,5,Limited,None,2010
5,Ontario,6,Intensive,Full,2010
5,Ontario,1,Intensive,None,2011
5,Ontario,1,Limited,Modified,2011
5,Ontario,3,Intensive,Full,2011
5,Ontario,5,Limited,Full,2011
5,Ontario,27,Limited,None,2011
5,Ontario,1,Intensive,Modified,2012
5,Ontario,1,Limited,Modified,2012
5,Ontario,2,Intensive,None,2012
5,Ontario,3,Limited,Full,2012
5,Ontario,7,Intensive,Full,2012
5,Ontario,24,Limited,None,2012
5,Ontario,2,Limited,Modified,2013
5,Ontario,21,Limited,None,2013
5,Ontario,3,Limited,None,2014
5,Ontario,1,Intensive,None,2015
5,Ontario,1,Limited,Modified,2015
5,Ontario,6,Intensive,Full,2015
5,Ontario,17,Limited,None,2015
5,Ontario,1,Limited,Modified,2016
5,Ontario,2,Limited,None,2016
5,Ontario,4,Intensive,Full,2016
5,Ontario,1,Intensive,Full,2017
5,Ontario,1,Limited,Full,2017
5,Ontario,4,Intensive,None,2017
5,Ontario,33,Limited,None,2017
8,Ontario,2,Limited,None,2011
0,Ontario,11,Unspecified,Modified,2018
0,Ontario,156,Unspecified,Modified,2018
0,Ontario,373,Unspecified,Full,2018
0,Ontario,787,Unspecified,Full,2018
1,Ontario,1,Intensive,Modified,2008
1,Ontario,2,Limited,None,2008
1,Ontario,3,Intensive,None,2008
1,Ontario,32,Limited,Full,2008
1,Ontario,164,Intensive,Full,2008
1,Ontario,1,Limited,Modified,2009
1,Ontario,2,Limited,None,2009
1,Ontario,3,Intensive,Modified,2009
1,Ontario,4,Intensive,None,2009
1,Ontario,17,Limited,Full,2009
1,Ontario,156,Intensive,Full,2009
1,Ontario,5,Limited,None,2010
1,Ontario,7,Intensive,Modified,2010
1,Ontario,7,Intensive,None,2010
1,Ontario,57,Limited,Full,2010
1,Ontario,312,Intensive,Full,2010
1,Ontario,1,Intensive,Modified,2011
1,Ontario,2,Limited,Modified,2011
1,Ontario,5,Intensive,None,2011
1,Ontario,17,Limited,None,2011
1,Ontario,84,Limited,Full,2011
1,Ontario,505,Intensive,Full,2011
1,Ontario,4,Intensive,Modified,2012
1,Ontario,6,Intensive,None,2012
1,Ontario,10,Limited,None,2012
1,Ontario,60,Limited,Full,2012
1,Ontario,634,Intensive,Full,2012
1,Ontario,3,Intensive,None,2013
1,Ontario,5,Intensive,Modified,2013
1,Ontario,7,Limited,None,2013
1,Ontario,29,Limited,Full,2013
1,Ontario,199,Intensive,Full,2013
1,Ontario,2,Intensive,Modified,2014
1,Ontario,2,Intensive,None,2014
1,Ontario,2,Limited,None,2014
1,Ontario,8,Limited,Full,2014
1,Ontario,130,Intensive,Full,2014
1,Ontario,1,Intensive,Modified,2015
1,Ontario,2,Limited,None,2015
1,Ontario,5,Intensive,None,2015
1,Ontario,22,Limited,Full,2015
1,Ontario,248,Intensive,Full,2015
1,Ontario,1,Intensive,Modified,2016
1,Ontario,1,Limited,Modified,2016
1,Ontario,2,Limited,None,2016
1,Ontario,8,Intensive,None,2016
1,Ontario,20,Limited,Full,2016
1,Ontario,284,Intensive,Full,2016
1,Ontario,1,Limited,Modified,2017
1,Ontario,4,Intensive,None,2017
1,Ontario,12,Limited,None,2017
1,Ontario,61,Limited,Full,2017
1,Ontario,261,Intensive,Full,2017
2,Prince Edward Island,1,Intensive,Full,2008
2,Prince Edward Island,7,Intensive,Full,2009
2,Prince Edward Island,1,Intensive,Full,2010
2,Prince Edward Island,1,Intensive,Full,2011
2,Prince Edward Island,3,Intensive,Full,2012
2,Prince Edward Island,4,Intensive,Full,2013
2,Prince Edward Island,2,Intensive,Full,2014
2,Prince Edward Island,2,Intensive,Full,2016
3,Prince Edward Island,1,Intensive,Full,2008
3,Prince Edward Island,1,Intensive,Full,2010
3,Prince Edward Island,3,Intensive,Full,2011
3,Prince Edward Island,2,Intensive,Full,2012
3,Prince Edward Island,3,Intensive,Full,2013
3,Prince Edward Island,1,Intensive,Full,2014
3,Prince Edward Island,1,Intensive,Full,2016
4,Prince Edward Island,1,Intensive,Full,2013
4,Prince Edward Island,2,Intensive,Full,2016
0,Prince Edward Island,5,Intensive,Full,2015
0,Prince Edward Island,10,Unspecified,Full,2018
1,Prince Edward Island,2,Intensive,Full,2008
1,Prince Edward Island,1,Intensive,Full,2009
1,Prince Edward Island,2,Intensive,Full,2010
1,Prince Edward Island,3,Intensive,Full,2012
1,Prince Edward Island,2,Intensive,Full,2013
1,Prince Edward Island,1,Intensive,Full,2014
1,Prince Edward Island,3,Intensive,Full,2016
2,Quebec,1,Intensive,None,2008
2,Quebec,3,Limited,Full,2008
2,Quebec,48,Intensive,Full,2008
2,Quebec,1,Limited,None,2009
2,Quebec,2,Limited,Full,2009
2,Quebec,109,Intensive,Full,2009
2,Quebec,1,Intensive,None,2010
2,Quebec,2,Limited,Full,2010
2,Quebec,190,Intensive,Full,2010
2,Quebec,73,Intensive,Full,2011
2,Quebec,165,Intensive,Full,2012
2,Quebec,1,Limited,Full,2013
2,Quebec,2,Intensive,None,2013
2,Quebec,2,Limited,None,2013
2,Quebec,92,Intensive,Full,2013
2,Quebec,2,Limited,Full,2014
2,Quebec,3,Limited,None,2014
2,Quebec,59,Intensive,Full,2014
2,Quebec,2,Limited,Full,2015
2,Quebec,2,Limited,None,2015
2,Quebec,90,Intensive,Full,2015
2,Quebec,1,Limited,None,2016
2,Quebec,4,Limited,Full,2016
2,Quebec,113,Intensive,Full,2016
2,Quebec,1,Intensive,None,2017
2,Quebec,1,Limited,None,2017
2,Quebec,4,Limited,Full,2017
2,Quebec,47,Intensive,Full,2017
6,Quebec,1,Intensive,None,2009
6,Quebec,1,Limited,Full,2009
6,Quebec,3,Intensive,Full,2009
6,Quebec,11,Limited,None,2009
6,Quebec,2,Limited,None,2010
6,Quebec,8,Intensive,Full,2010
6,Quebec,3,Limited,None,2011
6,Quebec,1,Limited,Full,2012
6,Quebec,3,Limited,None,2012
6,Quebec,4,Intensive,Full,2012
6,Quebec,1,Limited,Full,2013
6,Quebec,5,Intensive,Full,2013
6,Quebec,16,Limited,None,2013
6,Quebec,1,Limited,Full,2014
6,Quebec,4,Limited,None,2014
6,Quebec,1,Limited,Full,2015
6,Quebec,1,Limited,None,2015
6,Quebec,1,Limited,Full,2016
6,Quebec,9,Limited,None,2016
6,Quebec,1,Intensive,Full,2017
6,Quebec,1,Limited,Full,2017
6,Quebec,5,Limited,None,2017
3,Quebec,1,Limited,Full,2008
3,Quebec,10,Limited,None,2008
3,Quebec,15,Intensive,Full,2008
3,Quebec,4,Limited,Full,2009
3,Quebec,5,Limited,None,2009
3,Quebec,66,Intensive,Full,2009
3,Quebec,2,Limited,None,2010
3,Quebec,3,Limited,Full,2010
3,Quebec,105,Intensive,Full,2010
3,Quebec,2,Limited,None,2011
3,Quebec,4,Limited,Full,2011
3,Quebec,46,Intensive,Full,2011
3,Quebec,2,Limited,None,2012
3,Quebec,4,Limited,Full,2012
3,Quebec,99,Intensive,Full,2012
3,Quebec,2,Limited,None,2013
3,Quebec,4,Limited,Full,2013
3,Quebec,67,Intensive,Full,2013
3,Quebec,2,Limited,None,2014
3,Quebec,5,Limited,Full,2014
3,Quebec,28,Intensive,Full,2014
3,Quebec,60,Intensive,Full,2015
3,Quebec,8,Limited,Full,2016
3,Quebec,10,Limited,None,2016
3,Quebec,49,Intensive,Full,2016
3,Quebec,1,Intensive,None,2017
3,Quebec,1,Limited,None,2017
3,Quebec,5,Limited,Full,2017
3,Quebec,21,Intensive,Full,2017
7,Quebec,1,Limited,None,2009
7,Quebec,1,Limited,Full,2010
7,Quebec,4,Intensive,Full,2010
7,Quebec,4,Limited,None,2010
7,Quebec,1,Intensive,Full,2012
7,Quebec,1,Limited,None,2012
7,Quebec,2,Intensive,Full,2013
7,Quebec,2,Limited,Full,2013
7,Quebec,10,Limited,None,2013
7,Quebec,2,Limited,None,2014
7,Quebec,1,Limited,None,2017
4,Quebec,1,Limited,Full,2008
4,Quebec,2,Intensive,Full,2008
4,Quebec,10,Limited,None,2008
4,Quebec,4,Limited,None,2009
4,Quebec,28,Intensive,Full,2009
4,Quebec,1,Intensive,None,2010
4,Quebec,2,Limited,Full,2010
4,Quebec,5,Limited,None,2010
4,Quebec,20,Intensive,Full,2010
4,Quebec,3,Limited,None,2011
4,Quebec,6,Intensive,Full,2011
4,Quebec,2,Limited,Full,2012
4,Quebec,4,Limited,None,2012
4,Quebec,24,Intensive,Full,2012
4,Quebec,1,Intensive,None,2013
4,Quebec,1,Limited,Full,2013
4,Quebec,9,Limited,None,2013
4,Quebec,19,Intensive,Full,2013
4,Quebec,1,Limited,Full,2014
4,Quebec,5,Intensive,Full,2014
4,Quebec,10,Limited,None,2014
4,Quebec,1,Limited,Full,2015
4,Quebec,2,Limited,None,2015
4,Quebec,4,Intensive,Full,2015
4,Quebec,10,Limited,Full,2016
4,Quebec,13,Intensive,Full,2016
4,Quebec,15,Limited,None,2016
4,Quebec,1,Intensive,None,2017
4,Quebec,2,Limited,None,2017
4,Quebec,5,Intensive,Full,2017
5,Quebec,2,Limited,None,2008
5,Quebec,7,Intensive,Full,2009
5,Quebec,7,Limited,None,2009
5,Quebec,1,Intensive,None,2010
5,Quebec,1,Limited,Full,2010
5,Quebec,5,Limited,None,2010
5,Quebec,13,Intensive,Full,2010
5,Quebec,4,Limited,None,2011
5,Quebec,7,Intensive,Full,2011
5,Quebec,2,Limited,Full,2012
5,Quebec,7,Limited,None,2012
5,Quebec,8,Intensive,Full,2012
5,Quebec,1,Limited,Full,2013
5,Quebec,2,Intensive,Full,2013
5,Quebec,13,Limited,None,2013
5,Quebec,1,Intensive,Full,2014
5,Quebec,3,Limited,Full,2014
5,Quebec,6,Limited,None,2014
5,Quebec,1,Intensive,Full,2015
5,Quebec,1,Limited,Full,2015
5,Quebec,7,Limited,None,2015
5,Quebec,1,Intensive,Full,2016
5,Quebec,1,Limited,Full,2016
5,Quebec,30,Limited,None,2016
5,Quebec,4,Intensive,Full,2017
5,Quebec,6,Limited,None,2017
8,Quebec,1,Intensive,Full,2010
8,Quebec,5,Limited,None,2013
0,Quebec,6,Unspecified,Modified,2018
0,Quebec,56,Unspecified,Modified,2018
0,Quebec,139,Unspecified,Full,2018
0,Quebec,392,Unspecified,Full,2018
1,Quebec,1,Limited,None,2008
1,Quebec,2,Intensive,None,2008
1,Quebec,5,Limited,Full,2008
1,Quebec,121,Intensive,Full,2008
1,Quebec,1,Limited,None,2009
1,Quebec,5,Limited,Full,2009
1,Quebec,10,Intensive,None,2009
1,Quebec,217,Intensive,Full,2009
1,Quebec,1,Limited,None,2010
1,Quebec,2,Limited,Full,2010
1,Quebec,6,Intensive,None,2010
1,Quebec,357,Intensive,Full,2010
1,Quebec,1,Limited,Full,2011
1,Quebec,1,Limited,None,2011
1,Quebec,6,Intensive,None,2011
1,Quebec,173,Intensive,Full,2011
1,Quebec,3,Limited,None,2012
1,Quebec,4,Limited,Full,2012
1,Quebec,10,Intensive,None,2012
1,Quebec,451,Intensive,Full,2012
1,Quebec,3,Intensive,None,2013
1,Quebec,3,Limited,Full,2013
1,Quebec,6,Limited,None,2013
1,Quebec,246,Intensive,Full,2013
1,Quebec,1,Limited,Full,2014
1,Quebec,4,Intensive,None,2014
1,Quebec,5,Limited,None,2014
1,Quebec,150,Intensive,Full,2014
1,Quebec,1,Limited,Full,2015
1,Quebec,1,Limited,None,2015
1,Quebec,4,Intensive,None,2015
1,Quebec,206,Intensive,Full,2015
1,Quebec,4,Intensive,None,2016
1,Quebec,4,Limited,Full,2016
1,Quebec,7,Limited,None,2016
1,Quebec,322,Intensive,Full,2016
1,Quebec,1,Intensive,None,2017
1,Quebec,3,Limited,Full,2017
1,Quebec,208,Intensive,Full,2017
2,Saskatchewan,21,Intensive,Modified,2008
2,Saskatchewan,141,Intensive,Full,2008
2,Saskatchewan,20,Intensive,Modified,2009
2,Saskatchewan,123,Intensive,Full,2009
2,Saskatchewan,36,Intensive,Modified,2010
2,Saskatchewan,78,Intensive,Full,2010
2,Saskatchewan,10,Intensive,Modified,2011
2,Saskatchewan,62,Intensive,Full,2011
2,Saskatchewan,61,Intensive,Modified,2012
2,Saskatchewan,175,Intensive,Full,2012
2,Saskatchewan,59,Intensive,Modified,2013
2,Saskatchewan,240,Intensive,Full,2013
2,Saskatchewan,20,Intensive,Modified,2014
2,Saskatchewan,76,Intensive,Full,2014
2,Saskatchewan,33,Intensive,Modified,2015
2,Saskatchewan,156,Intensive,Full,2015
2,Saskatchewan,34,Intensive,Modified,2016
2,Saskatchewan,74,Intensive,Full,2016
2,Saskatchewan,39,Intensive,Modified,2017
2,Saskatchewan,43,Intensive,Full,2017
6,Saskatchewan,1,Intensive,Full,2008
6,Saskatchewan,22,Intensive,Modified,2008
6,Saskatchewan,4,Intensive,Modified,2009
6,Saskatchewan,5,Intensive,Full,2009
6,Saskatchewan,3,Intensive,Full,2010
6,Saskatchewan,43,Intensive,Modified,2010
6,Saskatchewan,1,Intensive,Full,2011
6,Saskatchewan,10,Intensive,Modified,2011
6,Saskatchewan,6,Intensive,Full,2012
6,Saskatchewan,24,Intensive,Modified,2012
6,Saskatchewan,1,Intensive,Full,2013
6,Saskatchewan,10,Intensive,Modified,2013
6,Saskatchewan,1,Intensive,Full,2014
6,Saskatchewan,24,Intensive,Modified,2014
6,Saskatchewan,24,Intensive,Full,2015
6,Saskatchewan,35,Intensive,Modified,2015
6,Saskatchewan,4,Intensive,Full,2016
6,Saskatchewan,5,Intensive,Modified,2016
6,Saskatchewan,2,Intensive,Full,2017
6,Saskatchewan,22,Intensive,Modified,2017
3,Saskatchewan,23,Intensive,Modified,2008
3,Saskatchewan,70,Intensive,Full,2008
3,Saskatchewan,15,Intensive,Modified,2009
3,Saskatchewan,79,Intensive,Full,2009
3,Saskatchewan,48,Intensive,Modified,2010
3,Saskatchewan,62,Intensive,Full,2010
3,Saskatchewan,12,Intensive,Modified,2011
3,Saskatchewan,57,Intensive,Full,2011
3,Saskatchewan,28,Intensive,Modified,2012
3,Saskatchewan,44,Intensive,Full,2012
3,Saskatchewan,21,Intensive,Modified,2013
3,Saskatchewan,44,Intensive,Full,2013
3,Saskatchewan,38,Intensive,Modified,2014
3,Saskatchewan,50,Intensive,Full,2014
3,Saskatchewan,24,Intensive,Modified,2015
3,Saskatchewan,92,Intensive,Full,2015
3,Saskatchewan,25,Intensive,Modified,2016
3,Saskatchewan,53,Intensive,Full,2016
3,Saskatchewan,22,Intensive,Modified,2017
3,Saskatchewan,26,Intensive,Full,2017
7,Saskatchewan,14,Intensive,Modified,2010
7,Saskatchewan,2,Intensive,Full,2011
7,Saskatchewan,7,Intensive,Modified,2011
7,Saskatchewan,5,Intensive,Modified,2012
7,Saskatchewan,1,Intensive,Full,2013
7,Saskatchewan,4,Intensive,Modified,2013
7,Saskatchewan,1,Intensive,Full,2014
7,Saskatchewan,10,Intensive,Modified,2014
7,Saskatchewan,8,Intensive,Full,2015
7,Saskatchewan,15,Intensive,Modified,2015
7,Saskatchewan,9,Intensive,Modified,2016
7,Saskatchewan,7,Intensive,Modified,2017
4,Saskatchewan,16,Intensive,Modified,2008
4,Saskatchewan,27,Intensive,Full,2008
4,Saskatchewan,5,Intensive,Modified,2009
4,Saskatchewan,25,Intensive,Full,2009
4,Saskatchewan,23,Intensive,Full,2010
4,Saskatchewan,37,Intensive,Modified,2010
4,Saskatchewan,6,Intensive,Modified,2011
4,Saskatchewan,14,Intensive,Full,2011
4,Saskatchewan,21,Intensive,Modified,2012
4,Saskatchewan,26,Intensive,Full,2012
4,Saskatchewan,15,Intensive,Full,2013
4,Saskatchewan,15,Intensive,Modified,2013
4,Saskatchewan,13,Intensive,Full,2014
4,Saskatchewan,23,Intensive,Modified,2014
4,Saskatchewan,21,Intensive,Modified,2015
4,Saskatchewan,32,Intensive,Full,2015
4,Saskatchewan,14,Intensive,Modified,2016
4,Saskatchewan,23,Intensive,Full,2016
4,Saskatchewan,5,Intensive,Full,2017
4,Saskatchewan,13,Intensive,Modified,2017
5,Saskatchewan,10,Intensive,Full,2008
5,Saskatchewan,17,Intensive,Modified,2008
5,Saskatchewan,9,Intensive,Modified,2009
5,Saskatchewan,17,Intensive,Full,2009
5,Saskatchewan,10,Intensive,Full,2010
5,Saskatchewan,41,Intensive,Modified,2010
5,Saskatchewan,4,Intensive,Full,2011
5,Saskatchewan,6,Intensive,Modified,2011
5,Saskatchewan,4,Intensive,Full,2012
5,Saskatchewan,15,Intensive,Modified,2012
5,Saskatchewan,4,Intensive,Full,2013
5,Saskatchewan,15,Intensive,Modified,2013
5,Saskatchewan,5,Intensive,Full,2014
5,Saskatchewan,27,Intensive,Modified,2014
5,Saskatchewan,26,Intensive,Modified,2015
5,Saskatchewan,37,Intensive,Full,2015
5,Saskatchewan,4,Intensive,Full,2016
5,Saskatchewan,16,Intensive,Modified,2016
5,Saskatchewan,2,Intensive,Full,2017
5,Saskatchewan,30,Intensive,Modified,2017
8,Saskatchewan,8,Intensive,Full,2008
8,Saskatchewan,18,Intensive,Modified,2008
8,Saskatchewan,5,Intensive,Modified,2010
8,Saskatchewan,1,Intensive,Full,2013
8,Saskatchewan,3,Intensive,Full,2015
8,Saskatchewan,3,Intensive,Modified,2015
8,Saskatchewan,1,Intensive,Modified,2017
0,Saskatchewan,13,Unspecified,Modified,2018
0,Saskatchewan,54,Unspecified,Full,2018
0,Saskatchewan,108,Unspecified,Modified,2018
0,Saskatchewan,241,Unspecified,Full,2018
1,Saskatchewan,21,Intensive,Modified,2008
1,Saskatchewan,204,Intensive,Full,2008
1,Saskatchewan,29,Intensive,Modified,2009
1,Saskatchewan,180,Intensive,Full,2009
1,Saskatchewan,17,Intensive,Modified,2010
1,Saskatchewan,154,Intensive,Full,2010
1,Saskatchewan,15,Intensive,Modified,2011
1,Saskatchewan,96,Intensive,Full,2011
1,Saskatchewan,13,Intensive,None,2012
1,Saskatchewan,21,Intensive,Modified,2014
1,Saskatchewan,94,Intensive,Full,2014
1,Saskatchewan,29,Intensive,Modified,2015
1,Saskatchewan,182,Intensive,Full,2015
1,Saskatchewan,30,Intensive,Modified,2016
1,Saskatchewan,73,Intensive,Full,2016
1,Saskatchewan,66,Intensive,Full,2017
1,Saskatchewan,75,Intensive,Modified,2017
2,Yukon,2,Limited,None,2008
2,Yukon,8,Intensive,Full,2008
2,Yukon,7,Limited,None,2009
2,Yukon,11,Intensive,Full,2009
2,Yukon,2,Limited,None,2010
2,Yukon,8,Intensive,Full,2010
2,Yukon,2,Limited,None,2011
2,Yukon,8,Intensive,Full,2011
2,Yukon,2,Limited,None,2012
2,Yukon,21,Intensive,Full,2012
2,Yukon,10,Limited,None,2013
2,Yukon,15,Intensive,Full,2013
2,Yukon,2,Limited,None,2014
2,Yukon,4,Intensive,Full,2014
2,Yukon,7,Limited,None,2015
2,Yukon,18,Intensive,Full,2015
2,Yukon,2,Limited,None,2016
2,Yukon,8,Intensive,Full,2016
2,Yukon,5,Limited,None,2017
2,Yukon,10,Intensive,Full,2017
6,Yukon,5,Limited,None,2008
6,Yukon,3,Intensive,Full,2009
6,Yukon,7,Limited,None,2009
6,Yukon,2,Intensive,Full,2010
6,Yukon,6,Limited,None,2010
6,Yukon,2,Intensive,Full,2011
6,Yukon,6,Limited,None,2011
6,Yukon,17,Limited,None,2012
6,Yukon,1,Intensive,Full,2013
6,Yukon,12,Limited,None,2013
6,Yukon,1,Limited,None,2014
6,Yukon,5,Intensive,Full,2015
6,Yukon,15,Limited,None,2015
6,Yukon,2,Limited,None,2016
6,Yukon,2,Intensive,Full,2017
6,Yukon,23,Limited,None,2017
3,Yukon,4,Intensive,Full,2008
3,Yukon,8,Limited,None,2008
3,Yukon,2,Intensive,Full,2009
3,Yukon,8,Limited,None,2009
3,Yukon,1,Intensive,Full,2010
3,Yukon,7,Limited,None,2010
3,Yukon,1,Intensive,Full,2011
3,Yukon,7,Limited,None,2011
3,Yukon,4,Intensive,Full,2012
3,Yukon,12,Limited,None,2012
3,Yukon,16,Limited,None,2013
3,Yukon,17,Intensive,Full,2013
3,Yukon,1,Intensive,Full,2014
3,Yukon,11,Intensive,Full,2015
3,Yukon,21,Limited,None,2015
3,Yukon,3,Intensive,Full,2016
3,Yukon,6,Limited,None,2016
3,Yukon,6,Intensive,Full,2017
3,Yukon,10,Limited,None,2017
7,Yukon,2,Intensive,Full,2009
7,Yukon,4,Limited,None,2009
7,Yukon,1,Intensive,Full,2010
7,Yukon,1,Intensive,Full,2011
7,Yukon,2,Intensive,Full,2013
7,Yukon,2,Limited,None,2013
7,Yukon,1,Intensive,Full,2015
7,Yukon,1,Limited,None,2015
7,Yukon,1,Limited,None,2016
7,Yukon,1,Intensive,Full,2017
7,Yukon,8,Limited,None,2017
4,Yukon,13,Limited,None,2008
4,Yukon,7,Intensive,Full,2009
4,Yukon,8,Limited,None,2009
4,Yukon,1,Intensive,Full,2010
4,Yukon,4,Limited,None,2010
4,Yukon,1,Intensive,Full,2011
4,Yukon,4,Limited,None,2011
4,Yukon,3,Intensive,Full,2012
4,Yukon,13,Limited,None,2012
4,Yukon,4,Intensive,Full,2013
4,Yukon,30,Limited,None,2013
4,Yukon,2,Intensive,Full,2014
4,Yukon,2,Limited,None,2014
4,Yukon,3,Intensive,Full,2015
4,Yukon,19,Limited,None,2015
4,Yukon,2,Limited,None,2016
4,Yukon,2,Intensive,Full,2017
4,Yukon,8,Limited,None,2017
5,Yukon,1,Intensive,Full,2008
5,Yukon,9,Limited,None,2008
5,Yukon,2,Intensive,Full,2009
5,Yukon,18,Limited,None,2009
5,Yukon,1,Intensive,Full,2010
5,Yukon,6,Limited,None,2010
5,Yukon,1,Intensive,Full,2011
5,Yukon,6,Limited,None,2011
5,Yukon,27,Limited,None,2012
5,Yukon,3,Intensive,Full,2013
5,Yukon,30,Limited,None,2013
5,Yukon,4,Limited,None,2014
5,Yukon,4,Intensive,Full,2015
5,Yukon,24,Limited,None,2015
5,Yukon,1,Intensive,Full,2016
5,Yukon,1,Limited,None,2016
5,Yukon,1,Intensive,Full,2017
5,Yukon,15,Limited,None,2017
0,Yukon,6,Unspecified,Modified,2018
0,Yukon,13,Unspecified,Full,2018
0,Yukon,20,Unspecified,Modified,2018
0,Yukon,28,Unspecified,Full,2018
1,Yukon,3,Limited,None,2008
1,Yukon,23,Intensive,Full,2008
1,Yukon,7,Limited,None,2009
1,Yukon,32,Intensive,Full,2009
1,Yukon,2,Limited,None,2010
1,Yukon,15,Intensive,Full,2010
1,Yukon,2,Limited,None,2011
1,Yukon,15,Intensive,Full,2011
1,Yukon,5,Limited,None,2012
1,Yukon,22,Intensive,Full,2012
1,Yukon,4,Limited,None,2013
1,Yukon,31,Intensive,Full,2013
1,Yukon,18,Intensive,Full,2014
1,Yukon,10,Limited,None,2015
1,Yukon,46,Intensive,Full,2015
1,Yukon,27,Intensive,Full,2016
1,Yukon,2,Limited,None,2017
1,Yukon,22,Intensive,Full,2017
